<?xml version="1.0" encoding="UTF-8"?>
	<!DOCTYPE hibernate-mapping PUBLIC 
    "-//Hibernate/Hibernate Mapping DTD 3.0//EN"
    "http://www.hibernate.org/dtd/hibernate-mapping-3.0.dtd">
    <hibernate-mapping package="product">
    	<class name="Product">
    		<id name="id">
    			<generator class="increment"></generator>
    		</id>
    		<property name="name" type="string"></property>
    		<property name="price" type="int"></property>
    		<property name="quantity" type="int" ></property>
    		</class>
    </hibernate-mapping>